percent_no_category,prevalence_cat1,prevalence_cat2,prevalence_cat3,prevalence_cat4
0.0,60.59050064184852,15.789473684210526,17.715019255455715,5.905006418485238
